1,calculate the pressure if the force is 5 newton and area is 3 metres,70,50,110,67,a
2,calculate the pressure if the force is 5 newton and area is 3 metres,70,50,110,67,c
3,calculate the pressure if the force is 5 newton and area is 3 metres,70,50,110,67,a
4,calculate the pressure if the force is 5 newton and area is 3 metres,70,50,110,67,d
5,calculate the pressure if the force is 5 newton and area is 3 metres,70,50,110,67,a
6,calculate the pressure if the force is 5 newton and area is 3 metres,70,50,110,67,b
